date,ttf_eur_mwh,gas_eu_usd_mmbtu,source,fetched_utc
1992-01-01,6.996070174443564,2.37999979654948,FRED:PNGASEUUSDM,2026-09-18
1992-02-01,6.996070174443564,2.37999979654948,FRED:PNGASEUUSDM,2026-09-18
1992-03-01,6.996070174443564,2.37999979654948,FRED:PNGASEUUSDM,2026-09-18
1992-04-01,6.878488953707819,2.33999972873264,FRED:PNGASEUUSDM,2026-09-18
1992-05-01,6.878488953707819,2.33999972873264,FRED:PNGASEUUSDM,2026-09-18
1992-06-01,6.878488953707819,2.33999972873264,FRED:PNGASEUUSDM,2026-09-18
1992-07-01,7.025466725560832,2.39000023735894,FRED:PNGASEUUSDM,2026-09-18
1992-08-01,7.025466725560832,2.39000023735894,FRED:PNGASEUUSDM,2026-09-18
1992-09-01,7.025466725560832,2.39000023735894,FRED:PNGASEUUSDM,2026-09-18
1992-10-01,6.907885504825085,2.3500001695421,FRED:PNGASEUUSDM,2026-09-18
1992-11-01,6.907885504825085,2.3500001695421,FRED:PNGASEUUSDM,2026-09-18
1992-12-01,6.907885504825085,2.3500001695421,FRED:PNGASEUUSDM,2026-09-18
1993-01-01,7.936718694396199,2.69999991522895,FRED:PNGASEUUSDM,2026-09-18
1993-02-01,7.936718694396199,2.69999991522895,FRED:PNGASEUUSDM,2026-09-18
1993-03-01,7.936718694396199,2.69999991522895,FRED:PNGASEUUSDM,2026-09-18
1993-04-01,7.672161570707452,2.60999997456869,FRED:PNGASEUUSDM,2026-09-18
1993-05-01,7.642766265523485,2.59999995761447,FRED:PNGASEUUSDM,2026-09-18
1993-06-01,7.642766265523485,2.59999995761447,FRED:PNGASEUUSDM,2026-09-18
1993-07-01,7.495790362570483,2.55000008477105,FRED:PNGASEUUSDM,2026-09-18
1993-08-01,7.495790362570483,2.55000008477105,FRED:PNGASEUUSDM,2026-09-18
1993-09-01,7.495790362570483,2.55000008477105,FRED:PNGASEUUSDM,2026-09-18
1993-10-01,7.466395057386547,2.54000006781684,FRED:PNGASEUUSDM,2026-09-18
1993-11-01,7.466395057386547,2.54000006781684,FRED:PNGASEUUSDM,2026-09-18
1993-12-01,7.466395057386547,2.54000006781684,FRED:PNGASEUUSDM,2026-09-18
1994-01-01,6.525746537433912,2.21999994913737,FRED:PNGASEUUSDM,2026-09-18
1994-02-01,6.525746537433912,2.21999994913737,FRED:PNGASEUUSDM,2026-09-18
1994-03-01,6.525746537433912,2.21999994913737,FRED:PNGASEUUSDM,2026-09-18
1994-04-01,6.584537147801785,2.23999998304579,FRED:PNGASEUUSDM,2026-09-18
1994-05-01,6.584537147801785,2.23999998304579,FRED:PNGASEUUSDM,2026-09-18
1994-06-01,6.584537147801785,2.23999998304579,FRED:PNGASEUUSDM,2026-09-18
1994-07-01,6.907884881858405,2.34999995761447,FRED:PNGASEUUSDM,2026-09-18
1994-08-01,6.907884881858405,2.34999995761447,FRED:PNGASEUUSDM,2026-09-18
1994-09-01,6.907884881858405,2.34999995761447,FRED:PNGASEUUSDM,2026-09-18
1994-10-01,7.172442005547183,2.43999989827474,FRED:PNGASEUUSDM,2026-09-18
1994-11-01,7.172442005547183,2.43999989827474,FRED:PNGASEUUSDM,2026-09-18
1994-12-01,7.172442005547183,2.43999989827474,FRED:PNGASEUUSDM,2026-09-18
1995-01-01,7.613370960339549,2.58999994066026,FRED:PNGASEUUSDM,2026-09-18
1995-02-01,7.613370960339549,2.58999994066026,FRED:PNGASEUUSDM,2026-09-18
1995-03-01,7.613370960339549,2.58999994066026,FRED:PNGASEUUSDM,2026-09-18
1995-04-01,7.907323389212263,2.68999989827474,FRED:PNGASEUUSDM,2026-09-18
1995-05-01,7.907323389212263,2.68999989827474,FRED:PNGASEUUSDM,2026-09-18
1995-06-01,7.907323389212263,2.68999989827474,FRED:PNGASEUUSDM,2026-09-18
1995-07-01,8.140852412080932,2.76944435967339,FRED:PNGASEUUSDM,2026-09-18
1995-08-01,8.140852412080932,2.76944435967339,FRED:PNGASEUUSDM,2026-09-18
1995-09-01,8.140852412080932,2.76944435967339,FRED:PNGASEUUSDM,2026-09-18
1995-10-01,8.30415938622871,2.82499991522894,FRED:PNGASEUUSDM,2026-09-18
1995-11-01,7.907323389212263,2.68999989827474,FRED:PNGASEUUSDM,2026-09-18
1995-12-01,7.907323389212263,2.68999989827474,FRED:PNGASEUUSDM,2026-09-18
1996-01-01,7.877928706995007,2.68000009324816,FRED:PNGASEUUSDM,2026-09-18
1996-02-01,7.877928706995007,2.68000009324816,FRED:PNGASEUUSDM,2026-09-18
1996-03-01,7.877928706995007,2.68000009324816,FRED:PNGASEUUSDM,2026-09-18
1996-04-01,7.907323389212263,2.68999989827474,FRED:PNGASEUUSDM,2026-09-18
1996-05-01,7.907323389212263,2.68999989827474,FRED:PNGASEUUSDM,2026-09-18
1996-06-01,7.907323389212263,2.68999989827474,FRED:PNGASEUUSDM,2026-09-18
1996-07-01,7.907323389212263,2.68999989827474,FRED:PNGASEUUSDM,2026-09-18
1996-08-01,7.907323389212263,2.68999989827474,FRED:PNGASEUUSDM,2026-09-18
1996-09-01,7.907323389212263,2.68999989827474,FRED:PNGASEUUSDM,2026-09-18
1996-10-01,8.642204772877372,2.93999989827475,FRED:PNGASEUUSDM,2026-09-18
1996-11-01,8.642204772877372,2.93999989827475,FRED:PNGASEUUSDM,2026-09-18
1996-12-01,8.642204772877372,2.93999989827475,FRED:PNGASEUUSDM,2026-09-18
1997-01-01,8.818576603980961,3.0,FRED:PNGASEUUSDM,2026-09-18
1997-02-01,8.655269629833155,2.94444444444444,FRED:PNGASEUUSDM,2026-09-18
1997-03-01,8.113090525499818,2.76000001695421,FRED:PNGASEUUSDM,2026-09-18
1997-04-01,8.02490460994801,2.72999996609158,FRED:PNGASEUUSDM,2026-09-18
1997-05-01,8.02490460994801,2.72999996609158,FRED:PNGASEUUSDM,2026-09-18
1997-06-01,8.02490460994801,2.72999996609158,FRED:PNGASEUUSDM,2026-09-18
1997-07-01,7.642766265523485,2.59999995761447,FRED:PNGASEUUSDM,2026-09-18
1997-08-01,7.642766265523485,2.59999995761447,FRED:PNGASEUUSDM,2026-09-18
1997-09-01,7.642766265523485,2.59999995761447,FRED:PNGASEUUSDM,2026-09-18
1997-10-01,7.201837310731119,2.44999991522895,FRED:PNGASEUUSDM,2026-09-18
1997-11-01,7.201837310731119,2.44999991522895,FRED:PNGASEUUSDM,2026-09-18
1997-12-01,7.201837310731119,2.44999991522895,FRED:PNGASEUUSDM,2026-09-18
1998-01-01,7.319418531466866,2.48999998304579,FRED:PNGASEUUSDM,2026-09-18
1998-02-01,7.319418531466866,2.48999998304579,FRED:PNGASEUUSDM,2026-09-18
1998-03-01,7.319418531466866,2.48999998304579,FRED:PNGASEUUSDM,2026-09-18
1998-04-01,6.966675492226279,2.36999999152289,FRED:PNGASEUUSDM,2026-09-18
1998-05-01,6.966675492226279,2.36999999152289,FRED:PNGASEUUSDM,2026-09-18
1998-06-01,6.966675492226279,2.36999999152289,FRED:PNGASEUUSDM,2026-09-18
1998-07-01,6.496351232249975,2.20999993218316,FRED:PNGASEUUSDM,2026-09-18
1998-08-01,6.496351232249975,2.20999993218316,FRED:PNGASEUUSDM,2026-09-18
1998-09-01,6.496351232249975,2.20999993218316,FRED:PNGASEUUSDM,2026-09-18
1998-10-01,5.614493945631893,1.91000005933974,FRED:PNGASEUUSDM,2026-09-18
1998-11-01,5.614493945631893,1.91000005933974,FRED:PNGASEUUSDM,2026-09-18
1998-12-01,5.614493945631893,1.91000005933974,FRED:PNGASEUUSDM,2026-09-18
1999-01-01,5.258484567559021,1.78888888888889,FRED:PNGASEUUSDM,2026-09-18
1999-02-01,5.446229777278164,1.78888888888889,FRED:PNGASEUUSDM,2026-09-18
1999-03-01,5.608718278106042,1.78888888888889,FRED:PNGASEUUSDM,2026-09-18
1999-04-01,5.323299813480396,1.67,FRED:PNGASEUUSDM,2026-09-18
1999-05-01,5.361523174237818,1.67,FRED:PNGASEUUSDM,2026-09-18
1999-06-01,5.490968858353233,1.67,FRED:PNGASEUUSDM,2026-09-18
1999-07-01,5.701910425128387,1.73,FRED:PNGASEUUSDM,2026-09-18
1999-08-01,5.567011962194534,1.73,FRED:PNGASEUUSDM,2026-09-18
1999-09-01,5.62149719075573,1.73,FRED:PNGASEUUSDM,2026-09-18
1999-10-01,6.4980036696614905,2.03888888888889,FRED:PNGASEUUSDM,2026-09-18
1999-11-01,6.729373562152914,2.03888888888889,FRED:PNGASEUUSDM,2026-09-18
1999-12-01,6.881192378259536,2.03888888888889,FRED:PNGASEUUSDM,2026-09-18
2000-01-01,10.285133468132932,3.05555555555556,FRED:PNGASEUUSDM,2026-09-18
2000-02-01,10.601727067060494,3.05555555555556,FRED:PNGASEUUSDM,2026-09-18
2000-03-01,10.811490983091325,3.05555555555556,FRED:PNGASEUUSDM,2026-09-18
2000-04-01,11.67468349796562,3.24,FRED:PNGASEUUSDM,2026-09-18
2000-05-01,12.202792283733023,3.24,FRED:PNGASEUUSDM,2026-09-18
2000-06-01,11.647288505584644,3.24,FRED:PNGASEUUSDM,2026-09-18
2000-07-01,13.036235066223421,3.59,FRED:PNGASEUUSDM,2026-09-18
2000-08-01,13.549585785164295,3.59,FRED:PNGASEUUSDM,2026-09-18
2000-09-01,14.045855682674484,3.59,FRED:PNGASEUUSDM,2026-09-18
2000-10-01,15.680965064322706,3.93,FRED:PNGASEUUSDM,2026-09-18
2000-11-01,15.658492940083079,3.93,FRED:PNGASEUUSDM,2026-09-18
2000-12-01,14.944259296773124,3.93,FRED:PNGASEUUSDM,2026-09-18
2001-01-01,15.3463925874868,4.22,FRED:PNGASEUUSDM,2026-09-18
2001-02-01,15.622396688223555,4.22,FRED:PNGASEUUSDM,2026-09-18
2001-03-01,15.831645221990556,4.22,FRED:PNGASEUUSDM,2026-09-18
2001-04-01,16.29565788960091,4.26,FRED:PNGASEUUSDM,2026-09-18
2001-05-01,16.628153165910703,4.26,FRED:PNGASEUUSDM,2026-09-18
2001-06-01,17.037382501493276,4.26,FRED:PNGASEUUSDM,2026-09-18
2001-07-01,14.985992107159872,3.78,FRED:PNGASEUUSDM,2026-09-18
2001-08-01,14.323317670896007,3.78,FRED:PNGASEUUSDM,2026-09-18
2001-09-01,14.156480346687191,3.78,FRED:PNGASEUUSDM,2026-09-18
2001-10-01,12.204179304108324,3.24,FRED:PNGASEUUSDM,2026-09-18
2001-11-01,12.445377010703073,3.24,FRED:PNGASEUUSDM,2026-09-18
2001-12-01,12.306775050475242,3.21857142857142,FRED:PNGASEUUSDM,2026-09-18
2002-01-01,10.777792828875128,2.79,FRED:PNGASEUUSDM,2026-09-18
2002-02-01,10.941947663994195,2.79,FRED:PNGASEUUSDM,2026-09-18
2002-03-01,10.869921712540753,2.79,FRED:PNGASEUUSDM,2026-09-18
2002-04-01,9.860760971182296,2.56,FRED:PNGASEUUSDM,2026-09-18
2002-05-01,9.52571938093228,2.56,FRED:PNGASEUUSDM,2026-09-18
2002-06-01,9.142473281749664,2.56,FRED:PNGASEUUSDM,2026-09-18
2002-07-01,8.666347201563944,2.52,FRED:PNGASEUUSDM,2026-09-18
2002-08-01,8.794189749046733,2.52,FRED:PNGASEUUSDM,2026-09-18
2002-09-01,8.810039253741687,2.53238095238095,FRED:PNGASEUUSDM,2026-09-18
2002-10-01,9.668404788764489,2.78,FRED:PNGASEUUSDM,2026-09-18
2002-11-01,9.47285488516502,2.78,FRED:PNGASEUUSDM,2026-09-18
2002-12-01,9.428412407082073,2.81363636363636,FRED:PNGASEUUSDM,2026-09-18
2003-01-01,10.118985788041151,3.15,FRED:PNGASEUUSDM,2026-09-18
2003-02-01,9.977071013870363,3.15,FRED:PNGASEUUSDM,2026-09-18
2003-03-01,10.01039327171907,3.17037037037036,FRED:PNGASEUUSDM,2026-09-18
2003-04-01,11.253998518255028,3.57777777777778,FRED:PNGASEUUSDM,2026-09-18
2003-05-01,10.5405700271324,3.57777777777778,FRED:PNGASEUUSDM,2026-09-18
2003-06-01,10.473865620888851,3.58,FRED:PNGASEUUSDM,2026-09-18
2003-07-01,10.831887641222902,3.61,FRED:PNGASEUUSDM,2026-09-18
2003-08-01,11.058625429384774,3.61,FRED:PNGASEUUSDM,2026-09-18
2003-09-01,10.976772065099734,3.61,FRED:PNGASEUUSDM,2026-09-18
2003-10-01,10.506161630490976,3.6,FRED:PNGASEUUSDM,2026-09-18
2003-11-01,10.49715032147875,3.6,FRED:PNGASEUUSDM,2026-09-18
2003-12-01,9.99844840771244,3.6,FRED:PNGASEUUSDM,2026-09-18
2004-01-01,9.170687565332472,3.39,FRED:PNGASEUUSDM,2026-09-18
2004-02-01,9.14656912091298,3.39,FRED:PNGASEUUSDM,2026-09-18
2004-03-01,9.43360873547401,3.39,FRED:PNGASEUUSDM,2026-09-18
2004-04-01,9.907266946808672,3.48,FRED:PNGASEUUSDM,2026-09-18
2004-05-01,9.8892481620209,3.48,FRED:PNGASEUUSDM,2026-09-18
2004-06-01,9.782455484001357,3.48,FRED:PNGASEUUSDM,2026-09-18
2004-07-01,10.598734113126618,3.81,FRED:PNGASEUUSDM,2026-09-18
2004-08-01,10.676996769688039,3.81,FRED:PNGASEUUSDM,2026-09-18
2004-09-01,10.640412667390043,3.81,FRED:PNGASEUUSDM,2026-09-18
2004-10-01,11.85676017523861,4.34,FRED:PNGASEUUSDM,2026-09-18
2004-11-01,11.398879015350923,4.34,FRED:PNGASEUUSDM,2026-09-18
2004-12-01,11.044995845035382,4.34,FRED:PNGASEUUSDM,2026-09-18
2005-01-01,13.160351236822228,5.06,FRED:PNGASEUUSDM,2026-09-18
2005-02-01,13.266566108398422,5.06,FRED:PNGASEUUSDM,2026-09-18
2005-03-01,13.079218825530845,5.06,FRED:PNGASEUUSDM,2026-09-18
2005-04-01,14.531645769673943,5.51,FRED:PNGASEUUSDM,2026-09-18
2005-05-01,14.810912417289222,5.51,FRED:PNGASEUUSDM,2026-09-18
2005-06-01,15.455031155331689,5.51,FRED:PNGASEUUSDM,2026-09-18
2005-07-01,17.376507633260996,6.13,FRED:PNGASEUUSDM,2026-09-18
2005-08-01,17.015695904969572,6.13,FRED:PNGASEUUSDM,2026-09-18
2005-09-01,17.065710734776566,6.13,FRED:PNGASEUUSDM,2026-09-18
2005-10-01,19.76650246764744,6.96,FRED:PNGASEUUSDM,2026-09-18
2005-11-01,20.1502299377072,6.96,FRED:PNGASEUUSDM,2026-09-18
2005-12-01,20.030634855689208,6.96,FRED:PNGASEUUSDM,2026-09-18
2006-01-01,21.59523811238744,7.66,FRED:PNGASEUUSDM,2026-09-18
2006-02-01,21.89331956923883,7.66,FRED:PNGASEUUSDM,2026-09-18
2006-03-01,21.74460163722316,7.66,FRED:PNGASEUUSDM,2026-09-18
2006-04-01,22.634228919283373,8.14,FRED:PNGASEUUSDM,2026-09-18
2006-05-01,21.750766913157616,8.14,FRED:PNGASEUUSDM,2026-09-18
2006-06-01,21.956473791426784,8.14,FRED:PNGASEUUSDM,2026-09-18
2006-07-01,22.59756372844335,8.4,FRED:PNGASEUUSDM,2026-09-18
2006-08-01,22.37242657176967,8.4,FRED:PNGASEUUSDM,2026-09-18
2006-09-01,22.519864417370005,8.4,FRED:PNGASEUUSDM,2026-09-18
2006-10-01,23.40411213324569,8.65,FRED:PNGASEUUSDM,2026-09-18
2006-11-01,22.912890961900985,8.65,FRED:PNGASEUUSDM,2026-09-18
2006-12-01,22.338229374159656,8.65,FRED:PNGASEUUSDM,2026-09-18
2007-01-01,22.023752611941976,8.39,FRED:PNGASEUUSDM,2026-09-18
2007-02-01,21.896464148117694,8.39,FRED:PNGASEUUSDM,2026-09-18
2007-03-01,21.61921912404889,8.39,FRED:PNGASEUUSDM,2026-09-18
2007-04-01,19.766767740162837,7.83,FRED:PNGASEUUSDM,2026-09-18
2007-05-01,19.77384813601355,7.83,FRED:PNGASEUUSDM,2026-09-18
2007-06-01,19.910521419274144,7.83,FRED:PNGASEUUSDM,2026-09-18
2007-07-01,19.379835591946822,7.79,FRED:PNGASEUUSDM,2026-09-18
2007-08-01,19.512301049369785,7.79,FRED:PNGASEUUSDM,2026-09-18
2007-09-01,19.127611502547936,7.79,FRED:PNGASEUUSDM,2026-09-18
2007-10-01,20.52924547661041,8.56,FRED:PNGASEUUSDM,2026-09-18
2007-11-01,19.891489171841403,8.56,FRED:PNGASEUUSDM,2026-09-18
2007-12-01,20.046122739662902,8.56,FRED:PNGASEUUSDM,2026-09-18
2008-01-01,23.80956611860604,10.27,FRED:PNGASEUUSDM,2026-09-18
2008-02-01,23.760372800179162,10.27,FRED:PNGASEUUSDM,2026-09-18
2008-03-01,22.569570456417622,10.27,FRED:PNGASEUUSDM,2026-09-18
2008-04-01,25.779813438598005,11.9,FRED:PNGASEUUSDM,2026-09-18
2008-05-01,26.100466128729057,11.9,FRED:PNGASEUUSDM,2026-09-18
2008-06-01,26.107578451407793,11.9,FRED:PNGASEUUSDM,2026-09-18
2008-07-01,31.071218281255653,14.36,FRED:PNGASEUUSDM,2026-09-18
2008-08-01,32.719278220415546,14.36,FRED:PNGASEUUSDM,2026-09-18
2008-09-01,34.09886605919927,14.36,FRED:PNGASEUUSDM,2026-09-18
2008-10-01,41.03150071709366,16.02,FRED:PNGASEUUSDM,2026-09-18
2008-11-01,42.93267205536424,16.02,FRED:PNGASEUUSDM,2026-09-18
2008-12-01,40.64300706952967,16.02,FRED:PNGASEUUSDM,2026-09-18
2009-01-01,41.2900508996152,16.02,FRED:PNGASEUUSDM,2026-09-18
2009-02-01,38.61936631542384,14.47,FRED:PNGASEUUSDM,2026-09-18
2009-03-01,29.990666044251395,11.47,FRED:PNGASEUUSDM,2026-09-18
2009-04-01,22.246973208386365,8.6,FRED:PNGASEUUSDM,2026-09-18
2009-05-01,21.497038611223708,8.6,FRED:PNGASEUUSDM,2026-09-18
2009-06-01,20.935697380457807,8.6,FRED:PNGASEUUSDM,2026-09-18
2009-07-01,16.4458743348562,6.79,FRED:PNGASEUUSDM,2026-09-18
2009-08-01,14.77925451483052,6.18,FRED:PNGASEUUSDM,2026-09-18
2009-09-01,14.481229866733385,6.18,FRED:PNGASEUUSDM,2026-09-18
2009-10-01,14.854062267531441,6.45,FRED:PNGASEUUSDM,2026-09-18
2009-11-01,14.75634713698297,6.45,FRED:PNGASEUUSDM,2026-09-18
2009-12-01,15.06017168552483,6.45,FRED:PNGASEUUSDM,2026-09-18
2010-01-01,18.146005981203626,7.59,FRED:PNGASEUUSDM,2026-09-18
2010-02-01,18.92351958353144,7.59,FRED:PNGASEUUSDM,2026-09-18
2010-03-01,19.086943805931035,7.59,FRED:PNGASEUUSDM,2026-09-18
2010-04-01,21.25319040298314,8.35,FRED:PNGASEUUSDM,2026-09-18
2010-05-01,21.371148993899673,7.87,FRED:PNGASEUUSDM,2026-09-18
2010-06-01,22.52681995985702,8.06,FRED:PNGASEUUSDM,2026-09-18
2010-07-01,22.658549707942914,8.48,FRED:PNGASEUUSDM,2026-09-18
2010-08-01,22.678492679791866,8.57,FRED:PNGASEUUSDM,2026-09-18
2010-09-01,22.169655928326574,8.49,FRED:PNGASEUUSDM,2026-09-18
2010-10-01,21.21263118375347,8.64,FRED:PNGASEUUSDM,2026-09-18
2010-11-01,21.755259225615497,8.71,FRED:PNGASEUUSDM,2026-09-18
2010-12-01,22.53230687588423,8.73,FRED:PNGASEUUSDM,2026-09-18
2011-01-01,23.471834963420076,9.19,FRED:PNGASEUUSDM,2026-09-18
2011-02-01,22.849363499847456,9.14,FRED:PNGASEUUSDM,2026-09-18
2011-03-01,22.228982465977868,9.12,FRED:PNGASEUUSDM,2026-09-18
2011-04-01,23.697748009065123,10.03,FRED:PNGASEUUSDM,2026-09-18
2011-05-01,23.827816444550184,10.02,FRED:PNGASEUUSDM,2026-09-18
2011-06-01,23.714522075125547,10.0,FRED:PNGASEUUSDM,2026-09-18
2011-07-01,26.791383884791564,11.2,FRED:PNGASEUUSDM,2026-09-18
2011-08-01,26.42984595900295,11.11,FRED:PNGASEUUSDM,2026-09-18
2011-09-01,27.530067262793473,11.11,FRED:PNGASEUUSDM,2026-09-18
2011-10-01,30.147410008261108,12.11,FRED:PNGASEUUSDM,2026-09-18
2011-11-01,30.25581101280666,12.02,FRED:PNGASEUUSDM,2026-09-18
2011-12-01,31.353589626058028,12.11,FRED:PNGASEUUSDM,2026-09-18
2012-01-01,32.60144205744723,12.33,FRED:PNGASEUUSDM,2026-09-18
2012-02-01,31.530611349793173,12.22,FRED:PNGASEUUSDM,2026-09-18
2012-03-01,32.33535493601911,12.51,FRED:PNGASEUUSDM,2026-09-18
2012-04-01,32.58736374430178,12.57,FRED:PNGASEUUSDM,2026-09-18
2012-05-01,33.53736451886637,12.57,FRED:PNGASEUUSDM,2026-09-18
2012-06-01,34.21326173701187,12.56,FRED:PNGASEUUSDM,2026-09-18
2012-07-01,31.59891338554283,11.38,FRED:PNGASEUUSDM,2026-09-18
2012-08-01,31.369806711182456,11.4,FRED:PNGASEUUSDM,2026-09-18
2012-09-01,30.204641584977733,11.38,FRED:PNGASEUUSDM,2026-09-18
2012-10-01,30.42851777116524,11.57,FRED:PNGASEUUSDM,2026-09-18
2012-11-01,30.962100514776225,11.64,FRED:PNGASEUUSDM,2026-09-18
2012-12-01,30.273818711956785,11.64,FRED:PNGASEUUSDM,2026-09-18
2013-01-01,29.247568906837767,11.39,FRED:PNGASEUUSDM,2026-09-18
2013-02-01,29.01549004861675,11.36,FRED:PNGASEUUSDM,2026-09-18
2013-03-01,29.900597236413773,11.36,FRED:PNGASEUUSDM,2026-09-18
2013-04-01,30.490816919569944,11.64,FRED:PNGASEUUSDM,2026-09-18
2013-05-01,29.98953091962246,11.41,FRED:PNGASEUUSDM,2026-09-18
2013-06-01,29.286666693502,11.32,FRED:PNGASEUUSDM,2026-09-18
2013-07-01,28.6429285160055,10.98,FRED:PNGASEUUSDM,2026-09-18
2013-08-01,28.123673074006835,10.97,FRED:PNGASEUUSDM,2026-09-18
2013-09-01,28.017192151445617,10.96,FRED:PNGASEUUSDM,2026-09-18
2013-10-01,27.352281556881383,10.93,FRED:PNGASEUUSDM,2026-09-18
2013-11-01,27.716108512774312,10.96,FRED:PNGASEUUSDM,2026-09-18
2013-12-01,27.364667333293333,10.99,FRED:PNGASEUUSDM,2026-09-18
2014-01-01,27.32676829054011,10.9,FRED:PNGASEUUSDM,2026-09-18
2014-02-01,27.055315543311615,10.83,FRED:PNGASEUUSDM,2026-09-18
2014-03-01,26.388670617939454,10.69,FRED:PNGASEUUSDM,2026-09-18
2014-04-01,26.65485396331384,10.79,FRED:PNGASEUUSDM,2026-09-18
2014-05-01,26.438113881421234,10.64,FRED:PNGASEUUSDM,2026-09-18
2014-06-01,26.408720224256403,10.52,FRED:PNGASEUUSDM,2026-09-18
2014-07-01,23.689878893021994,9.4,FRED:PNGASEUUSDM,2026-09-18
2014-08-01,26.59791628025566,10.38,FRED:PNGASEUUSDM,2026-09-18
2014-09-01,27.505837740483532,10.4,FRED:PNGASEUUSDM,2026-09-18
2014-10-01,28.00206105091804,10.4,FRED:PNGASEUUSDM,2026-09-18
2014-11-01,27.795711496969062,10.16,FRED:PNGASEUUSDM,2026-09-18
2014-12-01,28.915679788980988,10.45,FRED:PNGASEUUSDM,2026-09-18
2015-01-01,27.892972644706777,9.5,FRED:PNGASEUUSDM,2026-09-18
2015-02-01,27.929322368216408,9.29,FRED:PNGASEUUSDM,2026-09-18
2015-03-01,29.24869348762693,9.29,FRED:PNGASEUUSDM,2026-09-18
2015-04-01,23.39273673282034,7.39,FRED:PNGASEUUSDM,2026-09-18
2015-05-01,22.55471284258698,7.37,FRED:PNGASEUUSDM,2026-09-18
2015-06-01,22.21362260843545,7.3,FRED:PNGASEUUSDM,2026-09-18
2015-07-01,20.728957981395983,6.68,FRED:PNGASEUUSDM,2026-09-18
2015-08-01,20.401087682720753,6.66,FRED:PNGASEUUSDM,2026-09-18
2015-09-01,19.734823711185946,6.49,FRED:PNGASEUUSDM,2026-09-18
2015-10-01,18.252612543300376,6.01,FRED:PNGASEUUSDM,2026-09-18
2015-11-01,18.656181242755267,5.87,FRED:PNGASEUUSDM,2026-09-18
2015-12-01,18.225812500510777,5.81,FRED:PNGASEUUSDM,2026-09-18
2016-01-01,15.992969452170287,5.09,FRED:PNGASEUUSDM,2026-09-18
2016-02-01,14.733825382820207,4.79,FRED:PNGASEUUSDM,2026-09-18
2016-03-01,12.573046596897592,4.09,FRED:PNGASEUUSDM,2026-09-18
2016-04-01,12.096818267844109,4.02,FRED:PNGASEUUSDM,2026-09-18
2016-05-01,12.036370749216282,3.99,FRED:PNGASEUUSDM,2026-09-18
2016-06-01,12.276397811126026,4.04,FRED:PNGASEUUSDM,2026-09-18
2016-07-01,13.25579886534134,4.3,FRED:PNGASEUUSDM,2026-09-18
2016-08-01,12.934305056793114,4.25,FRED:PNGASEUUSDM,2026-09-18
2016-09-01,12.051350824788031,3.96,FRED:PNGASEUUSDM,2026-09-18
2016-10-01,12.409425115629155,4.01,FRED:PNGASEUUSDM,2026-09-18
2016-11-01,14.345024472835586,4.54,FRED:PNGASEUUSDM,2026-09-18
2016-12-01,16.700003879626973,5.16,FRED:PNGASEUUSDM,2026-09-18
2017-01-01,20.181912469943576,6.27813985858586,FRED:PNGASEUUSDM,2026-09-18
2017-02-01,19.558180346811692,6.10029830555555,FRED:PNGASEUUSDM,2026-09-18
2017-03-01,15.791852566344646,4.94502034782608,FRED:PNGASEUUSDM,2026-09-18
2017-04-01,16.022666920070364,5.03512731388889,FRED:PNGASEUUSDM,2026-09-18
2017-05-01,15.667221274827966,5.07717077404447,FRED:PNGASEUUSDM,2026-09-18
2017-06-01,15.143654356363252,4.98381825297843,FRED:PNGASEUUSDM,2026-09-18
2017-07-01,15.105686949146962,5.09602758292347,FRED:PNGASEUUSDM,2026-09-18
2017-08-01,15.999185289925482,5.53605864288667,FRED:PNGASEUUSDM,2026-09-18
2017-09-01,17.299329331842756,6.04060639329964,FRED:PNGASEUUSDM,2026-09-18
2017-10-01,17.10305260967503,5.8925193535705,FRED:PNGASEUUSDM,2026-09-18
2017-11-01,19.575306948831443,6.73403752405179,FRED:PNGASEUUSDM,2026-09-18
2017-12-01,20.784385346577587,7.20979162558986,FRED:PNGASEUUSDM,2026-09-18
2018-01-01,18.594989915048476,6.6483033104452,FRED:PNGASEUUSDM,2026-09-18
2018-02-01,21.667609043003104,7.84103556202786,FRED:PNGASEUUSDM,2026-09-18
2018-03-01,23.611244345883748,8.53636130051361,FRED:PNGASEUUSDM,2026-09-18
2018-04-01,19.63610688151768,7.06473256709682,FRED:PNGASEUUSDM,2026-09-18
2018-05-01,21.551843713565304,7.46086307392455,FRED:PNGASEUUSDM,2026-09-18
2018-06-01,21.92630060845148,7.50442301005288,FRED:PNGASEUUSDM,2026-09-18
2018-07-01,22.252916646274482,7.62106268282328,FRED:PNGASEUUSDM,2026-09-18
2018-08-01,23.94362782336717,8.10411407925839,FRED:PNGASEUUSDM,2026-09-18
2018-09-01,27.858830874346467,9.51888018341773,FRED:PNGASEUUSDM,2026-09-18
2018-10-01,25.540207294690635,8.59591459921168,FRED:PNGASEUUSDM,2026-09-18
2018-11-01,24.628507981735293,8.20449016673927,FRED:PNGASEUUSDM,2026-09-18
2018-12-01,23.657200849825134,7.89294582141602,FRED:PNGASEUUSDM,2026-09-18
2019-01-01,21.403029200291208,7.16106495279494,FRED:PNGASEUUSDM,2026-09-18
2019-02-01,17.994863887392054,5.98633856004478,FRED:PNGASEUUSDM,2026-09-18
2019-03-01,15.689941257138457,5.19718007325235,FRED:PNGASEUUSDM,2026-09-18
2019-04-01,15.038991017186314,4.95324985018727,FRED:PNGASEUUSDM,2026-09-18
2019-05-01,13.301841115528283,4.36018288772047,FRED:PNGASEUUSDM,2026-09-18
2019-06-01,10.52350486961471,3.4830359995733,FRED:PNGASEUUSDM,2026-09-18
2019-07-01,10.937283721038328,3.59594390863893,FRED:PNGASEUUSDM,2026-09-18
2019-08-01,10.028895354933157,3.27019667685218,FRED:PNGASEUUSDM,2026-09-18
2019-09-01,9.57170858145763,3.08680458622908,FRED:PNGASEUUSDM,2026-09-18
2019-10-01,10.3103801211584,3.33972424571811,FRED:PNGASEUUSDM,2026-09-18
2019-11-01,14.762093897088,4.78101952320268,FRED:PNGASEUUSDM,2026-09-18
2019-12-01,13.028890946602667,4.24354874414172,FRED:PNGASEUUSDM,2026-09-18
2020-01-01,11.146795926544772,3.626269711,FRED:PNGASEUUSDM,2026-09-18
2020-02-01,9.37276013088678,2.995477203,FRED:PNGASEUUSDM,2026-09-18
2020-03-01,8.604287971235903,2.789823671,FRED:PNGASEUUSDM,2026-09-18
2020-04-01,6.546279124738772,2.083882202,FRED:PNGASEUUSDM,2026-09-18
2020-05-01,4.577793296683495,1.46261232,FRED:PNGASEUUSDM,2026-09-18
2020-06-01,4.99424834014077,1.647299982,FRED:PNGASEUUSDM,2026-09-18
2020-07-01,4.88411983952018,1.640862822,FRED:PNGASEUUSDM,2026-09-18
2020-08-01,7.533785855972087,2.611565546,FRED:PNGASEUUSDM,2026-09-18
2020-09-01,11.15445872143473,3.854995574,FRED:PNGASEUUSDM,2026-09-18
2020-10-01,13.949207240895293,4.813821635,FRED:PNGASEUUSDM,2026-09-18
2020-11-01,13.787921802470017,4.783507944,FRED:PNGASEUUSDM,2026-09-18
2020-12-01,16.342311324703655,5.828639183,FRED:PNGASEUUSDM,2026-09-18
2021-01-01,20.473725653052664,7.302820662,FRED:PNGASEUUSDM,2026-09-18
2021-02-01,17.405908477345832,6.171340829,FRED:PNGASEUUSDM,2026-09-18
2021-03-01,17.79381685848267,6.205197385,FRED:PNGASEUUSDM,2026-09-18
2021-04-01,20.744204797142945,7.282723606,FRED:PNGASEUUSDM,2026-09-18
2021-05-01,25.296866302612912,9.004704035,FRED:PNGASEUUSDM,2026-09-18
2021-06-01,29.24144391707299,10.32413911,FRED:PNGASEUUSDM,2026-09-18
2021-07-01,36.14885022119011,12.5242466,FRED:PNGASEUUSDM,2026-09-18
2021-08-01,44.28731658253096,15.27902912,FRED:PNGASEUUSDM,2026-09-18
2021-09-01,64.45159123144168,22.23282724,FRED:PNGASEUUSDM,2026-09-18
2021-10-01,87.68720540280354,29.81414289,FRED:PNGASEUUSDM,2026-09-18
2021-11-01,81.8618742902794,27.38382608,FRED:PNGASEUUSDM,2026-09-18
2021-12-01,112.7844736489451,37.36336306,FRED:PNGASEUUSDM,2026-09-18
2022-01-01,84.11160630847624,27.89094479,FRED:PNGASEUUSDM,2026-09-18
2022-02-01,81.18058865470172,26.98428134,FRED:PNGASEUUSDM,2026-09-18
2022-03-01,129.2144281966733,41.72768831,FRED:PNGASEUUSDM,2026-09-18
2022-04-01,100.89348661140768,31.9898743,FRED:PNGASEUUSDM,2026-09-18
2022-05-01,88.58689618853924,27.46416643,FRED:PNGASEUUSDM,2026-09-18
2022-06-01,106.28850724768178,32.91260722,FRED:PNGASEUUSDM,2026-09-18
2022-07-01,171.44982033127178,51.14591252,FRED:PNGASEUUSDM,2026-09-18
2022-08-01,235.7445291253697,69.97723933,FRED:PNGASEUUSDM,2026-09-18
2022-09-01,190.1084042890121,55.1791274,FRED:PNGASEUUSDM,2026-09-18
2022-10-01,72.25485175578788,20.80663685,FRED:PNGASEUUSDM,2026-09-18
2022-11-01,96.3000688673513,28.79080462,FRED:PNGASEUUSDM,2026-09-18
2022-12-01,113.97234873029754,35.36873121,FRED:PNGASEUUSDM,2026-09-18
2023-01-01,63.0091026046377,19.88618693,FRED:PNGASEUUSDM,2026-09-18
2023-02-01,53.29853435505875,16.73725918,FRED:PNGASEUUSDM,2026-09-18
2023-03-01,44.20762863506535,13.87044037,FRED:PNGASEUUSDM,2026-09-18
2023-04-01,42.57193323348774,13.68398726,FRED:PNGASEUUSDM,2026-09-18
2023-05-01,31.30363664674492,9.970048913,FRED:PNGASEUUSDM,2026-09-18
2023-06-01,32.40232541848611,10.2937317,FRED:PNGASEUUSDM,2026-09-18
2023-07-01,29.658284674284836,9.611719136,FRED:PNGASEUUSDM,2026-09-18
2023-08-01,33.52260099449979,10.7174213,FRED:PNGASEUUSDM,2026-09-18
2023-09-01,36.497960328735836,11.42793016,FRED:PNGASEUUSDM,2026-09-18
2023-10-01,43.251543017375056,13.38884281,FRED:PNGASEUUSDM,2026-09-18
2023-11-01,43.295905509013394,13.71431567,FRED:PNGASEUUSDM,2026-09-18
2023-12-01,35.35207709660516,11.29629149,FRED:PNGASEUUSDM,2026-09-18
2024-01-01,29.822443981048348,9.531191123,FRED:PNGASEUUSDM,2026-09-18
2024-02-01,25.597850616732536,8.098181356,FRED:PNGASEUUSDM,2026-09-18
2024-03-01,26.711121534522157,8.511035509,FRED:PNGASEUUSDM,2026-09-18
2024-04-01,29.03814628483631,9.129581313,FRED:PNGASEUUSDM,2026-09-18
2024-05-01,31.90412719065274,10.10962113,FRED:PNGASEUUSDM,2026-09-18
2024-06-01,34.27246785968827,10.80662625,FRED:PNGASEUUSDM,2026-09-18
2024-07-01,32.21998357509974,10.23979241,FRED:PNGASEUUSDM,2026-09-18
2024-08-01,37.782829881134305,12.1938459,FRED:PNGASEUUSDM,2026-09-18
2024-09-01,36.10250715704559,11.750812,FRED:PNGASEUUSDM,2026-09-18
2024-10-01,39.9124070925174,12.755,FRED:PNGASEUUSDM,2026-09-18
2024-11-01,44.331576736039295,13.811,FRED:PNGASEUUSDM,2026-09-18
2024-12-01,44.79622444121886,13.757,FRED:PNGASEUUSDM,2026-09-18
2025-01-01,48.63962226919949,14.75909611,FRED:PNGASEUUSDM,2026-09-18
2025-02-01,50.38790776366982,15.37638294,FRED:PNGASEUUSDM,2026-09-18
2025-03-01,41.53879195714985,13.15601031,FRED:PNGASEUUSDM,2026-09-18
2025-04-01,35.21075741768514,11.57195747,FRED:PNGASEUUSDM,2026-09-18
2025-05-01,35.1674794304554,11.62379688,FRED:PNGASEUUSDM,2026-09-18
2025-06-01,36.64893213697547,12.30058745,FRED:PNGASEUUSDM,2026-09-18
2025-07-01,34.17616723537592,11.47064619,FRED:PNGASEUUSDM,2026-09-18
2025-08-01,32.70010855048302,10.97523233,FRED:PNGASEUUSDM,2026-09-18
2025-09-01,32.7828408149028,11.003,FRED:PNGASEUUSDM,2026-09-18
2025-10-01,32.467019572843384,10.897,FRED:PNGASEUUSDM,2026-09-18
2025-11-01,30.85216001438866,10.355,FRED:PNGASEUUSDM,2026-09-18
2025-12-01,28.18555613096251,9.46,FRED:PNGASEUUSDM,2026-09-18
2026-01-01,35.71461536383167,11.987,FRED:PNGASEUUSDM,2026-09-18
2026-02-01,33.33999715702647,11.19,FRED:PNGASEUUSDM,2026-09-18
2026-03-01,52.64680516216781,17.67,FRED:PNGASEUUSDM,2026-09-18
2026-04-01,45.862607349250084,15.393,FRED:PNGASEUUSDM,2026-09-18
2026-05-01,48.126986065902464,16.153,FRED:PNGASEUUSDM,2026-09-18
2026-06-01,44.965794199628554,15.092,FRED:PNGASEUUSDM,2026-09-18
2026-07-01,53.4214610389173,17.93,FRED:PNGASEUUSDM,2026-09-18
