date,period,cpi_total,cpi_core,cpi_energy,cpi_services,cpi_goods,cpi_food
2002-01-01,2002M01,58.717,62.584,45.925,57.838,69.286,50.279
2002-02-01,2002M02,58.768,62.657,46.025,58.102,69.175,50.263
2002-03-01,2002M03,59.253,63.107,46.897,58.535,69.944,50.531
2002-04-01,2002M04,60.058,63.905,48.069,58.72,71.648,50.854
2002-05-01,2002M05,60.274,64.138,48.179,58.888,71.928,51.071
2002-06-01,2002M06,60.277,64.269,47.266,59.112,71.603,51.198
2002-07-01,2002M07,59.858,63.655,47.394,59.445,69.858,51.406
2002-08-01,2002M08,60.03,63.791,47.558,59.78,69.828,51.644
2002-09-01,2002M09,60.255,63.953,47.953,59.589,70.481,51.906
2002-10-01,2002M10,60.851,64.668,48.211,59.609,72.146,51.999
2002-11-01,2002M11,60.946,64.957,46.95,59.479,72.501,52.073
2002-12-01,2002M12,61.148,65.078,47.378,59.748,72.571,52.386
2003-01-01,2003M01,60.896,64.561,48.439,60.13,71.214,52.67
2003-02-01,2003M02,61.026,64.726,49.093,60.345,71.416,52.52
2003-03-01,2003M03,61.449,65.138,49.775,60.645,72.196,52.703
2003-04-01,2003M04,61.949,65.986,48.469,61.044,73.227,52.724
2003-05-01,2003M05,61.892,66.062,47.262,60.932,73.061,52.866
2003-06-01,2003M06,61.933,66.139,46.976,61.163,72.872,52.955
2003-07-01,2003M07,61.545,65.474,47.408,61.569,71.06,53.242
2003-08-01,2003M08,61.827,65.609,48.062,61.975,71.119,53.687
2003-09-01,2003M09,62.011,65.731,47.862,61.692,71.601,54.138
2003-10-01,2003M10,62.429,66.379,47.348,61.801,72.692,54.168
2003-11-01,2003M11,62.633,66.621,47.484,61.692,73.341,54.244
2003-12-01,2003M12,62.74,66.72,47.342,61.924,73.236,54.463
2004-01-01,2004M01,62.3,66.067,47.631,62.297,71.309,54.736
2004-02-01,2004M02,62.329,66.203,47.844,62.546,71.29,54.535
2004-03-01,2004M03,62.764,66.6,48.546,62.851,72.043,54.805
2004-04-01,2004M04,63.623,67.595,49.167,63.314,73.899,55.065
2004-05-01,2004M05,63.999,67.837,50.374,63.226,74.674,55.306
2004-06-01,2004M06,64.1,68.003,50.363,63.497,74.641,55.311
2004-07-01,2004M07,63.614,67.296,50.516,63.864,72.607,55.545
2004-08-01,2004M08,63.895,67.494,51.425,64.269,72.889,55.7
2004-09-01,2004M09,64.009,67.652,51.465,64.015,73.482,55.719
2004-10-01,2004M10,64.667,68.292,52.824,64.047,75.398,55.735
2004-11-01,2004M11,64.828,68.559,52.205,64.034,75.733,55.931
2004-12-01,2004M12,64.765,68.653,50.92,64.269,75.177,56.078
2005-01-01,2005M01,64.219,67.938,50.508,64.646,72.854,56.464
2005-02-01,2005M02,64.386,68.056,51.501,64.98,73.071,56.366
2005-03-01,2005M03,64.895,68.543,52.504,65.39,73.972,56.588
2005-04-01,2005M04,65.83,69.459,53.892,65.543,76.103,56.945
2005-05-01,2005M05,65.956,69.633,53.787,65.619,76.35,57.003
2005-06-01,2005M06,66.11,69.733,54.501,65.863,76.523,57.01
2005-07-01,2005M07,65.705,68.982,56.291,66.286,74.976,56.889
2005-08-01,2005M08,65.994,69.129,57.363,66.667,75.263,57.095
2005-09-01,2005M09,66.399,69.347,59.17,66.399,76.605,57.218
2005-10-01,2005M10,66.939,70.091,58.752,66.488,78.022,57.324
2005-11-01,2005M11,67.04,70.435,57.043,66.493,78.046,57.658
2005-12-01,2005M12,67.184,70.636,55.984,66.803,77.574,58.37
2006-01-01,2006M01,66.912,69.929,57.97,67.132,76.126,58.91
2006-02-01,2006M02,66.944,70.021,58.361,67.436,76.195,58.764
2006-03-01,2006M03,67.418,70.643,58.686,67.785,76.886,58.795
2006-04-01,2006M04,68.369,71.604,60.487,68.25,79.112,58.903
2006-05-01,2006M05,68.615,71.743,61.509,68.188,79.798,59.038
2006-06-01,2006M06,68.719,71.846,61.061,68.454,79.574,59.343
2006-07-01,2006M07,68.31,71.128,61.966,68.931,77.663,59.576
2006-08-01,2006M08,68.45,71.224,62.088,69.291,77.642,59.665
2006-09-01,2006M09,68.337,71.374,59.713,68.996,77.489,59.832
2006-10-01,2006M10,68.618,72.045,57.627,68.986,78.359,59.802
2006-11-01,2006M11,68.787,72.292,57.199,68.955,78.811,59.9
2006-12-01,2006M12,68.976,72.395,57.422,69.279,78.746,60.203
2007-01-01,2007M01,68.512,71.828,57.243,69.702,76.564,60.321
2007-02-01,2007M02,68.559,71.965,57.336,69.997,76.446,60.237
2007-03-01,2007M03,69.079,72.416,58.497,70.441,77.322,60.473
2007-04-01,2007M04,70.033,73.392,59.598,70.924,79.36,60.805
2007-05-01,2007M05,70.225,73.504,60.494,70.889,79.906,60.882
2007-06-01,2007M06,70.354,73.576,60.941,71.119,79.954,60.99
2007-07-01,2007M07,69.843,72.842,61.225,71.577,77.827,61.148
2007-08-01,2007M08,69.938,73.02,60.738,71.994,77.518,61.335
2007-09-01,2007M09,70.168,73.215,61.076,71.581,78.225,61.869
2007-10-01,2007M10,71.077,74.254,61.664,71.62,79.962,63.043
2007-11-01,2007M11,71.587,74.618,63.312,71.566,81.096,63.595
2007-12-01,2007M12,71.887,74.791,64.0,71.933,81.176,64.128
2008-01-01,2008M01,71.442,74.064,64.921,72.293,79.175,64.479
2008-02-01,2008M02,71.553,74.306,64.945,72.689,79.069,64.424
2008-03-01,2008M03,72.188,74.847,66.756,73.253,80.161,64.598
2008-04-01,2008M04,72.965,75.684,67.552,73.38,82.111,64.805
2008-05-01,2008M05,73.458,75.895,70.484,73.559,83.244,64.931
2008-06-01,2008M06,73.881,76.039,72.643,73.913,83.797,65.34
2008-07-01,2008M07,73.526,75.367,74.325,74.446,82.158,65.401
2008-08-01,2008M08,73.368,75.568,71.409,74.901,81.152,65.492
2008-09-01,2008M09,73.353,75.704,70.105,74.522,81.409,65.653
2008-10-01,2008M10,73.605,76.421,67.404,74.549,82.149,65.584
2008-11-01,2008M11,73.293,76.629,62.988,74.403,81.391,65.612
2008-12-01,2008M12,72.917,76.615,59.36,74.653,79.971,65.715
2009-01-01,2009M01,72.018,75.536,58.878,74.895,77.163,65.738
2009-02-01,2009M02,72.026,75.466,59.66,75.07,77.107,65.451
2009-03-01,2009M03,72.144,75.795,59.016,75.264,77.461,65.037
2009-04-01,2009M04,72.849,76.68,59.186,75.68,79.058,64.833
2009-05-01,2009M05,72.823,76.595,59.719,75.464,79.406,64.492
2009-06-01,2009M06,73.144,76.622,62.359,75.654,79.997,64.239
2009-07-01,2009M07,72.52,75.81,62.533,76.01,77.767,64.104
2009-08-01,2009M08,72.773,75.865,64.107,76.352,78.04,64.21
2009-09-01,2009M09,72.601,75.807,62.988,75.837,78.122,64.185
2009-10-01,2009M10,73.119,76.49,62.98,75.767,79.655,64.093
2009-11-01,2009M11,73.515,76.798,64.208,75.624,80.866,64.117
2009-12-01,2009M12,73.496,76.824,63.805,75.866,80.499,64.231
2010-01-01,2010M01,72.759,75.627,65.579,75.826,78.423,64.199
2010-02-01,2010M02,72.627,75.545,65.578,75.885,78.189,63.729
2010-03-01,2010M03,73.165,75.958,67.216,76.226,79.321,63.739
2010-04-01,2010M04,73.944,76.637,69.056,76.303,81.465,63.664
2010-05-01,2010M05,74.109,76.775,69.511,76.246,81.996,63.649
2010-06-01,2010M06,74.241,76.964,69.144,76.445,81.782,63.789
2010-07-01,2010M07,73.909,76.402,69.904,77.074,80.069,63.918
2010-08-01,2010M08,74.095,76.607,69.799,77.521,79.947,64.18
2010-09-01,2010M09,74.146,76.644,69.963,77.007,80.606,64.244
2010-10-01,2010M10,74.824,77.341,70.906,76.884,82.584,64.33
2010-11-01,2010M11,75.23,77.719,71.747,76.761,83.772,64.461
2010-12-01,2010M12,75.692,77.969,73.764,77.046,84.252,64.675
2011-01-01,2011M01,75.138,76.824,77.15,77.043,82.496,64.763
2011-02-01,2011M02,75.234,76.872,78.061,77.279,82.56,64.672
2011-03-01,2011M03,75.796,77.286,79.925,77.538,83.731,64.894
2011-04-01,2011M04,76.739,78.284,81.261,77.95,85.851,65.074
2011-05-01,2011M05,76.714,78.378,80.169,77.744,85.901,65.24
2011-06-01,2011M06,76.606,78.307,79.764,77.912,85.675,65.285
2011-07-01,2011M07,76.194,77.614,81.064,78.385,83.781,65.401
2011-08-01,2011M08,76.289,77.801,80.465,78.824,83.482,65.536
2011-09-01,2011M09,76.475,77.932,81.087,78.271,84.328,65.675
2011-10-01,2011M10,77.078,78.675,81.182,78.11,86.132,65.717
2011-11-01,2011M11,77.391,79.005,81.626,77.983,87.079,65.848
2011-12-01,2011M12,77.492,79.129,81.382,78.378,86.798,66.049
2012-01-01,2012M01,76.639,77.8,83.284,78.154,84.5,66.224
2012-02-01,2012M02,76.719,77.776,84.191,78.268,84.534,66.311
2012-03-01,2012M03,77.235,78.175,85.947,78.45,85.761,66.376
2012-04-01,2012M04,78.32,79.149,88.472,78.817,88.168,66.533
2012-05-01,2012M05,78.204,79.271,86.784,78.612,88.068,66.42
2012-06-01,2012M06,78.058,79.289,84.728,78.812,87.262,66.676
2012-07-01,2012M07,77.876,78.725,87.415,79.2,86.353,66.583
2012-08-01,2012M08,78.314,78.861,90.049,79.674,86.889,66.857
2012-09-01,2012M09,79.085,79.538,91.941,79.656,88.889,67.197
2012-10-01,2012M10,79.757,80.61,90.286,80.113,90.171,67.41
2012-11-01,2012M11,79.658,80.785,87.788,79.804,90.042,67.744
2012-12-01,2012M12,79.714,80.82,87.544,80.092,89.66,68.064
2013-01-01,2013M01,78.695,79.493,87.662,79.848,86.681,68.326
2013-02-01,2013M02,78.832,79.527,89.183,80.004,86.979,68.167
2013-03-01,2013M03,79.109,79.977,88.658,80.337,87.441,68.097
2013-04-01,2013M04,79.405,80.633,86.242,80.135,88.392,68.296
2013-05-01,2013M05,79.551,80.854,85.241,80.152,88.521,68.698
2013-06-01,2013M06,79.669,80.855,85.541,80.311,88.413,69.112
2013-07-01,2013M07,79.258,80.029,87.049,80.719,86.408,69.474
2013-08-01,2013M08,79.504,80.129,88.06,81.053,86.524,69.78
2013-09-01,2013M09,79.355,80.154,88.498,80.42,87.387,68.893
2013-10-01,2013M10,79.678,80.783,87.805,80.107,88.913,68.508
2013-11-01,2013M11,79.844,81.076,87.15,79.867,89.61,68.592
2013-12-01,2013M12,79.915,81.005,87.724,80.057,89.415,68.878
2014-01-01,2014M01,78.852,79.625,87.688,79.747,86.514,69.118
2014-02-01,2014M02,78.818,79.638,87.683,80.001,86.27,68.89
2014-03-01,2014M03,78.994,80.009,87.377,80.165,86.88,68.457
2014-04-01,2014M04,79.697,80.84,87.604,80.507,88.584,68.379
2014-05-01,2014M05,79.715,80.885,87.769,80.28,89.051,68.152
2014-06-01,2014M06,79.737,80.883,87.785,80.543,88.836,68.114
2014-07-01,2014M07,78.987,80.003,87.302,80.862,86.245,68.124
2014-08-01,2014M08,79.112,80.113,87.284,81.22,86.078,68.286
2014-09-01,2014M09,79.233,80.105,88.469,80.524,87.19,68.351
2014-10-01,2014M10,79.602,80.716,86.806,80.185,88.421,68.707
2014-11-01,2014M11,79.547,81.02,84.32,79.994,88.501,68.676
2014-12-01,2014M12,79.083,81.013,80.288,80.26,86.877,68.625
2015-01-01,2015M01,77.812,79.777,77.65,80.156,83.227,68.811
2015-02-01,2015M02,77.972,79.761,78.75,80.274,83.393,68.996
2015-03-01,2015M03,78.47,80.172,80.879,80.487,84.776,68.68
2015-04-01,2015M04,79.191,81.047,81.314,80.739,86.584,68.627
2015-05-01,2015M05,79.569,81.305,82.162,80.796,87.376,68.971
2015-06-01,2015M06,79.782,81.402,82.744,81.075,87.451,69.307
2015-07-01,2015M07,79.041,80.624,82.277,81.561,84.968,69.048
2015-08-01,2015M08,78.779,80.706,78.768,81.868,83.573,69.517
2015-09-01,2015M09,78.536,80.774,76.394,81.243,83.544,69.57
2015-10-01,2015M10,79.039,81.464,75.423,80.968,85.032,69.956
2015-11-01,2015M11,79.329,81.808,75.93,80.81,86.116,69.828
2015-12-01,2015M12,79.097,81.771,74.297,81.023,85.21,69.839
2016-01-01,2016M01,77.588,80.5,69.662,80.987,80.782,70.21
2016-02-01,2016M02,77.314,80.57,67.654,81.278,79.907,69.854
2016-03-01,2016M03,77.81,81.016,68.902,81.576,80.983,69.831
2016-04-01,2016M04,78.355,81.65,69.032,81.378,82.661,69.946
2016-05-01,2016M05,78.783,81.893,70.621,81.421,83.687,70.152
2016-06-01,2016M06,79.148,81.913,73.091,81.658,84.345,70.319
2016-07-01,2016M07,78.572,81.163,72.378,82.256,81.804,70.746
2016-08-01,2016M08,78.673,81.421,71.634,82.75,81.563,70.715
2016-09-01,2016M09,78.677,81.436,72.693,82.088,82.677,70.114
2016-10-01,2016M10,79.576,82.116,75.489,81.849,85.425,70.177
2016-11-01,2016M11,79.864,82.502,75.521,81.8,86.337,70.098
2016-12-01,2016M12,80.338,82.59,78.264,82.28,86.925,70.395
2017-01-01,2017M01,79.896,81.37,81.858,82.059,85.455,70.882
2017-02-01,2017M02,79.608,81.347,79.016,82.324,84.174,71.003
2017-03-01,2017M03,79.592,81.716,76.97,82.499,84.076,70.768
2017-04-01,2017M04,80.356,82.659,77.337,83.127,85.662,70.703
2017-05-01,2017M05,80.308,82.701,76.48,82.801,85.763,70.912
2017-06-01,2017M06,80.343,82.883,75.801,83.235,85.36,70.884
2017-07-01,2017M07,79.788,82.271,75.377,83.821,83.0,70.861
2017-08-01,2017M08,79.947,82.428,76.14,84.157,83.137,70.767
2017-09-01,2017M09,80.086,82.407,76.876,83.548,84.163,70.951
2017-10-01,2017M10,80.825,82.881,78.409,83.146,86.285,71.781
2017-11-01,2017M11,81.194,83.194,80.015,83.001,87.682,71.614
2017-12-01,2017M12,81.231,83.217,80.263,83.321,87.418,71.559
2018-01-01,2018M01,80.355,82.034,80.479,83.135,84.868,71.799
2018-02-01,2018M02,80.463,82.252,80.085,83.714,84.544,71.721
2018-03-01,2018M03,80.558,82.667,78.0,84.029,84.387,71.812
2018-04-01,2018M04,81.224,83.341,79.131,84.058,86.258,71.908
2018-05-01,2018M05,81.956,83.645,82.45,84.277,87.822,72.41
2018-06-01,2018M06,82.17,83.695,83.273,84.556,87.906,72.726
2018-07-01,2018M07,81.581,83.001,83.824,85.058,85.892,72.235
2018-08-01,2018M08,81.697,83.061,84.582,85.261,85.98,72.256
2018-09-01,2018M09,81.897,83.071,86.083,84.65,87.3,72.259
2018-10-01,2018M10,82.654,83.707,86.779,84.448,89.204,73.113
2018-11-01,2018M11,82.563,83.913,85.13,84.209,89.478,72.737
2018-12-01,2018M12,82.193,83.95,81.919,84.543,88.083,72.585
2019-01-01,2019M01,81.142,82.674,81.681,84.277,85.369,72.557
2019-02-01,2019M02,81.34,82.792,82.192,84.672,85.341,72.769
2019-03-01,2019M03,81.636,83.23,82.383,84.972,86.001,72.53
2019-04-01,2019M04,82.459,84.13,83.416,85.449,87.84,72.511
2019-05-01,2019M05,82.619,84.249,83.489,85.282,88.295,72.823
2019-06-01,2019M06,82.522,84.412,81.143,85.769,87.283,73.085
2019-07-01,2019M07,82.011,83.713,81.83,86.228,85.396,72.899
2019-08-01,2019M08,81.965,83.842,80.784,86.476,84.93,72.971
2019-09-01,2019M09,81.965,83.893,80.442,85.945,85.585,72.906
2019-10-01,2019M10,82.76,84.529,81.17,85.651,87.549,73.949
2019-11-01,2019M11,82.9,84.782,80.743,85.47,88.181,73.918
2019-12-01,2019M12,82.84,84.814,80.185,85.913,87.596,73.765
2020-01-01,2020M01,82.032,83.524,81.645,85.495,85.591,73.996
2020-02-01,2020M02,81.935,83.747,79.477,85.974,84.631,74.2
2020-03-01,2020M03,81.621,84.147,74.429,86.182,83.42,74.304
2020-04-01,2020M04,81.868,85.074,69.183,86.594,82.991,75.326
2020-05-01,2020M05,81.863,85.17,68.728,86.422,83.171,75.33
2020-06-01,2020M06,82.24,85.245,71.471,86.848,83.931,75.088
2020-07-01,2020M07,81.502,84.197,73.048,86.545,82.554,74.475
2020-08-01,2020M08,81.54,84.2,73.299,86.674,82.472,74.541
2020-09-01,2020M09,81.662,84.262,73.572,86.223,83.296,74.602
2020-10-01,2020M10,82.09,84.751,72.199,85.775,84.396,75.577
2020-11-01,2020M11,82.225,84.966,73.071,85.582,85.445,74.906
2020-12-01,2020M12,82.4,84.928,75.192,85.841,85.859,74.59
2021-01-01,2021M01,82.407,84.037,80.16,85.942,85.23,75.246
2021-02-01,2021M02,81.922,84.021,76.103,86.095,83.554,75.308
2021-03-01,2021M03,82.716,84.365,80.7,86.206,85.804,75.318
2021-04-01,2021M04,83.693,85.093,83.981,86.286,88.464,75.532
2021-05-01,2021M05,84.087,85.33,85.241,86.354,89.317,75.836
2021-06-01,2021M06,84.487,85.424,88.264,86.619,90.243,75.811
2021-07-01,2021M07,83.85,84.695,88.156,86.952,88.097,75.654
2021-08-01,2021M08,84.232,84.804,90.511,87.16,88.845,75.854
2021-09-01,2021M09,84.934,85.095,94.747,86.961,91.159,75.816
2021-10-01,2021M10,86.496,85.934,100.753,86.981,94.979,76.757
2021-11-01,2021M11,86.761,86.426,99.309,87.037,95.352,77.19
2021-12-01,2021M12,87.797,86.672,105.396,87.389,97.302,78.118
2022-01-01,2022M01,87.46,86.07,106.642,87.408,95.761,78.663
2022-02-01,2022M02,88.167,86.569,109.838,87.838,96.84,79.386
2022-03-01,2022M03,90.837,87.268,129.837,88.24,103.929,80.348
2022-04-01,2022M04,90.676,88.866,112.296,89.116,100.132,82.976
2022-05-01,2022M05,91.426,89.492,114.385,89.28,101.477,83.936
2022-06-01,2022M06,93.118,90.082,124.31,89.934,104.77,85.366
2022-07-01,2022M07,92.881,89.841,124.633,90.375,103.243,85.647
2022-08-01,2022M08,93.117,90.193,124.317,90.732,103.199,86.057
2022-09-01,2022M09,92.47,90.365,116.013,90.285,101.376,86.459
2022-10-01,2022M10,92.78,91.228,108.83,90.34,100.697,88.346
2022-11-01,2022M11,92.669,91.895,103.782,90.315,99.99,88.782
2022-12-01,2022M12,92.808,92.717,98.098,90.855,98.38,90.129
2023-01-01,2023M01,92.613,92.549,97.766,91.021,97.01,90.581
2023-02-01,2023M02,93.487,93.165,100.1,91.506,97.862,92.4
2023-03-01,2023M03,93.831,93.838,96.628,92.143,97.258,93.416
2023-04-01,2023M04,94.39,94.748,94.791,92.907,97.752,93.683
2023-05-01,2023M05,94.345,94.964,91.912,93.02,97.165,94.013
2023-06-01,2023M06,94.881,95.424,93.34,93.771,97.636,94.237
2023-07-01,2023M07,95.042,95.393,94.316,94.525,96.468,94.894
2023-08-01,2023M08,95.552,95.677,97.649,94.828,97.612,95.038
2023-09-01,2023M09,95.721,95.586,99.765,94.344,98.607,95.513
2023-10-01,2023M10,95.998,95.958,97.56,94.208,98.93,96.623
2023-11-01,2023M11,95.663,96.021,93.395,93.911,98.191,96.716
2023-12-01,2023M12,95.687,96.256,91.865,94.416,97.579,96.566
2024-01-01,2024M01,95.768,95.893,95.54,94.3,97.423,97.146
2024-02-01,2024M02,96.108,96.405,95.428,95.032,97.223,97.222
2024-03-01,2024M03,96.84,96.971,98.178,95.77,98.467,97.263
2024-04-01,2024M04,97.514,97.523,99.55,96.063,99.818,97.91
2024-05-01,2024M05,97.771,97.849,99.236,96.431,100.06,97.953
2024-06-01,2024M06,98.139,98.291,99.063,97.287,99.912,97.978
2024-07-01,2024M07,97.673,98.021,96.88,97.698,97.869,97.697
2024-08-01,2024M08,97.713,98.247,96.208,98.129,97.546,97.362
2024-09-01,2024M09,97.123,97.887,93.304,97.412,96.84,97.165
2024-10-01,2024M10,97.729,98.317,93.955,97.307,98.165,98.433
2024-11-01,2024M11,97.968,98.369,96.132,97.047,99.454,98.335
2024-12-01,2024M12,98.411,98.719,97.212,97.71,99.773,98.266
2025-01-01,2025M01,98.579,98.18,103.254,97.463,100.188,98.934
2025-02-01,2025M02,98.966,98.489,104.002,98.069,100.28,99.272
2025-03-01,2025M03,99.024,98.895,100.143,98.613,99.396,99.559
2025-04-01,2025M04,99.647,99.881,97.384,99.765,99.458,99.816
2025-05-01,2025M05,99.714,99.961,96.541,99.582,99.565,100.286
2025-06-01,2025M06,100.382,100.449,98.541,100.442,100.149,100.54
2025-07-01,2025M07,100.305,100.276,100.06,101.008,99.234,100.161
2025-08-01,2025M08,100.345,100.59,99.507,101.529,99.014,99.448
2025-09-01,2025M09,100.059,100.272,99.318,100.817,99.264,99.351
2025-10-01,2025M10,100.748,100.77,100.092,100.829,100.667,100.669
2025-11-01,2025M11,100.943,100.915,100.667,100.59,101.482,100.968
2025-12-01,2025M12,101.289,101.322,100.491,101.291,101.304,100.997
2026-01-01,2026M01,100.836,100.712,100.639,100.951,99.759,101.738
2026-02-01,2026M02,101.261,101.102,100.767,101.488,99.894,102.329
2026-03-01,2026M03,102.44,101.809,107.472,102.26,102.775,102.124
2026-04-01,2026M04,102.883,102.672,103.806,103.194,102.551,102.318
2026-05-01,2026M05,102.951,102.911,102.276,103.62,102.023,102.344
2026-06-01,2026M06,103.598,103.339,105.149,104.379,102.904,102.405
2026-07-01,2026M07,103.899,103.273,110.199,105.09,103.152,101.735
2026-08-01,2026M08,104.638,103.544,116.284,105.449,105.179,101.6
